date;visitors;
2020-06-10 11:40;39;
2020-06-10 11:42;35;
2020-06-10 11:50;24;
2020-06-10 12:00;23;
2020-06-10 12:10;32;
2020-06-10 12:20;33;
2020-06-10 12:30;34;
2020-06-10 12:40;33;
2020-06-10 12:50;36;
2020-06-10 13:00;32;
2020-06-10 13:10;30;
2020-06-10 13:20;23;
2020-06-10 13:30;17;
2020-06-10 13:40;21;
2020-06-10 13:50;21;
2020-06-10 14:00;23;
2020-06-10 14:10;24;
2020-06-10 14:20;28;
2020-06-10 14:30;28;
2020-06-10 14:40;31;
2020-06-10 14:50;37;
2020-06-10 15:00;43;
2020-06-10 15:10;42;
2020-06-10 15:20;43;
2020-06-10 15:30;46;
2020-06-10 15:40;47;
2020-06-10 15:50;46;
2020-06-10 16:00;48;
2020-06-10 16:10;51;
2020-06-10 16:17;56;
2020-06-10 16:20;55;
2020-06-10 16:30;52;
2020-06-10 16:32;50;
2020-06-10 16:37;50;
2020-06-10 16:40;50;
2020-06-10 16:50;50;
2020-06-10 17:00;52;
2020-06-10 17:10;52;
2020-06-10 17:20;59;
2020-06-10 17:30;71;
2020-06-10 17:30;71;
2020-06-10 17:33;71;
2020-06-10 17:34;70;
2020-06-10 17:36;70;
2020-06-10 17:40;64;
2020-06-10 17:50;69;
2020-06-10 18:00;82;
2020-06-10 18:10;79;
2020-06-10 18:20;81;
2020-06-10 18:30;74;
2020-06-10 18:40;79;
2020-06-10 18:50;84;
2020-06-10 19:00;76;
2020-06-10 19:10;74;
2020-06-10 19:20;74;
2020-06-10 19:30;74;
2020-06-10 19:40;65;
2020-06-10 19:50;63;
2020-06-10 20:00;55;
2020-06-10 20:10;58;
2020-06-10 20:20;52;
2020-06-10 20:30;53;
2020-06-10 20:40;58;
2020-06-10 20:50;61;
2020-06-10 21:00;57;
2020-06-10 21:10;52;
2020-06-10 21:20;46;
2020-06-10 21:30;44;
2020-06-10 21:40;41;
2020-06-10 21:50;40;
2020-06-10 22:00;26;
2020-06-10 22:10;23;
2020-06-10 22:20;18;
2020-06-10 22:30;15;
2020-06-10 22:40;13;
2020-06-10 22:50;11;
2020-06-10 23:00;11;
2020-06-10 23:10;0;
2020-06-10 23:20;0;
2020-06-10 23:30;0;
2020-06-10 23:40;0;
2020-06-10 23:50;0;
2020-06-11 00:00;0;
2020-06-11 00:10;0;
2020-06-11 00:20;0;
2020-06-11 00:30;0;
2020-06-11 00:40;0;
2020-06-11 00:50;0;
2020-06-11 01:00;0;
2020-06-11 01:10;0;
2020-06-11 01:20;0;
2020-06-11 01:30;0;
2020-06-11 01:40;0;
2020-06-11 01:50;0;
2020-06-11 02:00;0;
2020-06-11 02:10;0;
2020-06-11 02:20;0;
2020-06-11 02:30;0;
2020-06-11 02:40;0;
2020-06-11 02:50;0;
2020-06-11 03:00;0;
2020-06-11 03:10;0;
2020-06-11 03:20;0;
2020-06-11 03:30;0;
2020-06-11 03:40;0;
2020-06-11 03:50;0;
2020-06-11 04:00;0;
2020-06-11 04:10;0;
2020-06-11 04:20;0;
2020-06-11 04:30;0;
2020-06-11 04:40;0;
2020-06-11 04:50;0;
2020-06-11 05:00;0;
2020-06-11 05:10;0;
2020-06-11 05:20;0;
2020-06-11 05:30;0;
2020-06-11 05:40;0;
2020-06-11 05:50;0;
2020-06-11 06:00;0;
2020-06-11 06:10;0;
2020-06-11 06:20;0;
2020-06-11 06:30;0;
2020-06-11 06:40;0;
2020-06-11 06:50;0;
2020-06-11 07:00;0;
2020-06-11 07:10;0;
2020-06-11 07:20;0;
2020-06-11 07:30;0;
2020-06-11 07:40;0;
2020-06-11 07:50;0;
2020-06-11 08:00;0;
2020-06-11 08:10;0;
2020-06-11 08:20;0;
2020-06-11 08:30;0;
2020-06-11 08:40;0;
2020-06-11 08:50;0;
2020-06-11 09:00;0;
2020-06-11 09:10;0;
2020-06-11 09:20;0;
2020-06-11 09:30;0;
2020-06-11 09:40;0;
2020-06-11 09:50;0;
2020-06-11 10:00;9;
2020-06-11 10:10;23;
2020-06-11 10:20;45;
2020-06-11 10:30;66;
2020-06-11 10:40;78;
2020-06-11 10:50;83;
2020-06-11 11:00;81;
2020-06-11 11:10;85;
2020-06-11 11:20;90;
2020-06-11 11:30;80;
2020-06-11 11:40;75;
2020-06-11 11:50;71;
2020-06-11 12:00;69;
2020-06-11 12:10;65;
2020-06-11 12:20;64;
2020-06-11 12:30;59;
2020-06-11 12:40;58;
2020-06-11 12:50;52;
2020-06-11 13:00;50;
2020-06-11 13:10;48;
2020-06-11 13:20;47;
2020-06-11 13:30;43;
2020-06-11 13:40;45;
2020-06-11 13:50;43;
2020-06-11 14:00;39;
2020-06-11 14:10;43;
2020-06-11 14:20;48;
2020-06-11 14:30;49;
2020-06-11 14:40;50;
2020-06-11 14:50;58;
2020-06-11 15:00;55;
2020-06-11 15:10;59;
2020-06-11 15:20;57;
2020-06-11 15:30;54;
2020-06-11 15:40;53;
2020-06-11 15:50;52;
2020-06-11 16:00;54;
2020-06-11 16:10;64;
2020-06-11 16:20;70;
2020-06-11 16:30;74;
2020-06-11 16:40;81;
2020-06-11 16:50;84;
2020-06-11 17:00;83;
2020-06-11 17:10;82;
2020-06-11 17:20;78;
2020-06-11 17:30;64;
2020-06-11 17:40;53;
2020-06-11 17:50;37;
2020-06-11 18:00;10;
2020-06-11 18:10;0;
2020-06-11 18:20;0;
2020-06-11 18:30;0;
2020-06-11 18:40;0;
2020-06-11 18:50;0;
2020-06-11 19:00;0;
2020-06-11 19:10;0;
2020-06-11 19:20;0;
2020-06-11 19:30;0;
2020-06-11 19:40;0;
2020-06-11 19:50;0;
2020-06-11 20:00;0;
2020-06-11 20:10;0;
2020-06-11 20:20;0;
2020-06-11 20:30;0;
2020-06-11 20:40;0;
2020-06-11 20:50;0;
2020-06-11 21:00;0;
2020-06-11 21:10;0;
2020-06-11 21:20;0;
2020-06-11 21:30;0;
2020-06-11 21:40;0;
2020-06-11 21:50;0;
2020-06-11 22:00;0;
2020-06-11 22:10;0;
2020-06-11 22:20;0;
2020-06-11 22:30;0;
2020-06-11 22:40;0;
2020-06-11 22:50;0;
2020-06-11 23:00;0;
2020-06-11 23:10;0;
2020-06-11 23:20;0;
2020-06-11 23:30;0;
2020-06-11 23:40;0;
2020-06-11 23:50;0;
2020-06-12 00:00;0;
2020-06-12 00:10;0;
2020-06-12 00:20;0;
2020-06-12 00:30;0;
2020-06-12 00:40;0;
2020-06-12 00:50;0;
2020-06-12 01:00;0;
2020-06-12 01:10;0;
2020-06-12 01:20;0;
2020-06-12 01:30;0;
2020-06-12 01:40;0;
2020-06-12 01:50;0;
2020-06-12 02:00;0;
2020-06-12 02:10;0;
2020-06-12 02:20;0;
2020-06-12 02:30;0;
2020-06-12 02:40;0;
2020-06-12 02:50;0;
2020-06-12 03:00;0;
2020-06-12 03:10;0;
2020-06-12 03:20;0;
2020-06-12 03:30;0;
2020-06-12 03:40;0;
2020-06-12 03:50;0;
2020-06-12 04:00;0;
2020-06-12 04:10;0;
2020-06-12 04:20;0;
2020-06-12 04:30;0;
2020-06-12 04:40;0;
2020-06-12 04:50;0;
2020-06-12 05:00;0;
2020-06-12 05:10;0;
2020-06-12 05:20;0;
2020-06-12 05:30;0;
2020-06-12 05:40;0;
2020-06-12 05:50;0;
2020-06-12 06:00;0;
2020-06-12 06:10;0;
2020-06-12 06:20;0;
2020-06-12 06:30;0;
2020-06-12 06:40;0;
2020-06-12 06:50;0;
2020-06-12 07:00;1;
2020-06-12 07:10;10;
2020-06-12 07:20;18;
2020-06-12 07:30;18;
2020-06-12 07:40;24;
2020-06-12 07:50;26;
2020-06-12 08:00;29;
2020-06-12 08:10;27;
2020-06-12 08:20;21;
2020-06-12 08:30;21;
2020-06-12 08:40;22;
2020-06-12 08:50;24;
2020-06-12 09:00;22;
2020-06-12 09:10;24;
2020-06-12 09:20;30;
2020-06-12 09:30;36;
2020-06-12 09:40;39;
2020-06-12 09:50;40;
2020-06-12 10:00;38;
2020-06-12 10:10;35;
2020-06-12 10:20;36;
2020-06-12 10:30;40;
2020-06-12 10:40;42;
2020-06-12 10:50;44;
2020-06-12 11:00;49;
2020-06-12 11:10;50;
2020-06-12 11:20;51;
2020-06-12 11:30;49;
2020-06-12 11:40;48;
2020-06-12 11:50;49;
2020-06-12 12:00;47;
2020-06-12 12:10;35;
2020-06-12 12:20;37;
2020-06-12 12:30;35;
2020-06-12 12:40;32;
2020-06-12 12:50;36;
2020-06-12 13:00;36;
2020-06-12 13:10;40;
2020-06-12 13:20;41;
2020-06-12 13:30;41;
2020-06-12 13:40;39;
2020-06-12 13:50;42;
2020-06-12 14:00;41;
2020-06-12 14:10;39;
2020-06-12 14:20;37;
2020-06-12 14:30;34;
2020-06-12 14:40;36;
2020-06-12 14:50;35;
2020-06-12 15:00;35;
2020-06-12 15:10;36;
2020-06-12 15:20;40;
2020-06-12 15:30;40;
2020-06-12 15:40;40;
2020-06-12 15:50;40;
2020-06-12 16:00;39;
2020-06-12 16:10;39;
2020-06-12 16:20;41;
2020-06-12 16:30;46;
2020-06-12 16:40;44;
2020-06-12 16:50;43;
2020-06-12 17:00;45;
2020-06-12 17:10;51;
2020-06-12 17:20;54;
2020-06-12 17:30;60;
2020-06-12 17:40;52;
2020-06-12 17:50;44;
2020-06-12 18:00;49;
2020-06-12 18:10;43;
2020-06-12 18:20;45;
2020-06-12 18:30;46;
2020-06-12 18:40;48;
2020-06-12 18:50;46;
2020-06-12 19:00;47;
2020-06-12 19:10;42;
2020-06-12 19:20;46;
2020-06-12 19:30;40;
2020-06-12 19:40;40;
2020-06-12 19:50;41;
2020-06-12 20:00;39;
2020-06-12 20:10;39;
2020-06-12 20:20;38;
2020-06-12 20:30;35;
2020-06-12 20:40;36;
2020-06-12 20:50;37;
2020-06-12 21:00;35;
2020-06-12 21:10;40;
2020-06-12 21:20;41;
2020-06-12 21:30;41;
2020-06-12 21:40;40;
2020-06-12 21:50;39;
2020-06-12 22:00;38;
2020-06-12 22:10;37;
2020-06-12 22:20;28;
2020-06-12 22:30;22;
2020-06-12 22:40;19;
2020-06-12 22:50;18;
2020-06-12 23:00;0;
2020-06-12 23:10;0;
2020-06-12 23:20;0;
2020-06-12 23:30;0;
2020-06-12 23:40;0;
2020-06-12 23:50;0;
2020-06-13 00:00;0;
2020-06-13 00:10;0;
2020-06-13 00:20;0;
2020-06-13 00:30;0;
2020-06-13 00:40;0;
2020-06-13 00:50;0;
2020-06-13 01:00;0;
2020-06-13 01:10;0;
2020-06-13 01:20;0;
2020-06-13 01:30;0;
2020-06-13 01:40;0;
2020-06-13 01:50;0;
2020-06-13 02:00;0;
2020-06-13 02:10;0;
2020-06-13 02:20;0;
2020-06-13 02:30;0;
2020-06-13 02:40;0;
2020-06-13 02:50;0;
2020-06-13 03:00;0;
2020-06-13 03:10;0;
2020-06-13 03:20;0;
2020-06-13 03:30;0;
2020-06-13 03:40;0;
2020-06-13 03:50;0;
2020-06-13 04:00;0;
2020-06-13 04:10;0;
2020-06-13 04:20;0;
2020-06-13 04:30;0;
2020-06-13 04:40;0;
2020-06-13 04:50;0;
2020-06-13 05:00;0;
2020-06-13 05:10;0;
2020-06-13 05:20;0;
2020-06-13 05:30;0;
2020-06-13 05:40;0;
2020-06-13 05:50;0;
2020-06-13 06:00;0;
2020-06-13 06:10;0;
2020-06-13 06:20;0;
2020-06-13 06:30;0;
2020-06-13 06:40;0;
2020-06-13 06:50;0;
2020-06-13 07:00;0;
2020-06-13 07:10;1;
2020-06-13 07:20;1;
2020-06-13 07:30;1;
2020-06-13 07:40;1;
2020-06-13 07:50;1;
2020-06-13 08:00;3;
2020-06-13 08:10;3;
2020-06-13 08:20;5;
2020-06-13 08:30;5;
2020-06-13 08:40;7;
2020-06-13 08:50;9;
2020-06-13 09:00;7;
2020-06-13 09:10;8;
2020-06-13 09:20;13;
2020-06-13 09:30;14;
2020-06-13 09:40;17;
2020-06-13 09:50;24;
2020-06-13 10:00;32;
2020-06-13 10:10;36;
2020-06-13 10:20;36;
2020-06-13 10:30;34;
2020-06-13 10:40;39;
2020-06-13 10:50;39;
2020-06-13 11:00;47;
2020-06-13 11:10;45;
2020-06-13 11:20;48;
2020-06-13 11:30;45;
2020-06-13 11:40;43;
2020-06-13 11:50;42;
2020-06-13 12:00;39;
2020-06-13 12:10;33;
2020-06-13 12:20;32;
2020-06-13 12:30;32;
2020-06-13 12:40;32;
2020-06-13 12:50;28;
2020-06-13 13:00;28;
2020-06-13 13:10;29;
2020-06-13 13:20;33;
2020-06-13 13:30;38;
2020-06-13 13:40;36;
2020-06-13 13:50;32;
2020-06-13 14:00;36;
2020-06-13 14:10;37;
2020-06-13 14:20;38;
2020-06-13 14:30;35;
2020-06-13 14:40;35;
2020-06-13 14:50;33;
2020-06-13 15:00;32;
2020-06-13 15:10;30;
2020-06-13 15:20;32;
2020-06-13 15:30;33;
2020-06-13 15:40;28;
2020-06-13 15:50;31;
2020-06-13 16:00;37;
2020-06-13 16:10;34;
2020-06-13 16:20;34;
2020-06-13 16:30;31;
2020-06-13 16:40;37;
2020-06-13 16:50;38;
2020-06-13 17:00;40;
2020-06-13 17:10;41;
2020-06-13 17:20;43;
2020-06-13 17:30;46;
2020-06-13 17:40;46;
2020-06-13 17:50;44;
2020-06-13 18:00;44;
2020-06-13 18:10;41;
2020-06-13 18:20;38;
2020-06-13 18:30;38;
2020-06-13 18:40;38;
2020-06-13 18:50;41;
2020-06-13 19:00;41;
2020-06-13 19:10;38;
2020-06-13 19:20;33;
2020-06-13 19:30;30;
2020-06-13 19:40;28;
2020-06-13 19:50;34;
2020-06-13 20:00;33;
2020-06-13 20:10;36;
2020-06-13 20:20;37;
2020-06-13 20:30;32;
2020-06-13 20:40;34;
2020-06-13 20:50;33;
2020-06-13 21:00;28;
2020-06-13 21:10;25;
2020-06-13 21:20;23;
2020-06-13 21:30;19;
2020-06-13 21:40;18;
2020-06-13 21:50;0;
2020-06-13 22:00;0;
2020-06-13 22:10;0;
2020-06-13 22:20;0;
2020-06-13 22:30;0;
2020-06-13 22:40;0;
2020-06-13 22:50;0;
2020-06-13 23:00;0;
2020-06-13 23:10;0;
2020-06-13 23:20;0;
2020-06-13 23:30;0;
2020-06-13 23:40;0;
2020-06-13 23:50;0;
2020-06-14 00:00;0;
2020-06-14 00:10;0;
2020-06-14 00:20;0;
2020-06-14 00:30;0;
2020-06-14 00:40;0;
2020-06-14 00:50;0;
2020-06-14 01:00;0;
2020-06-14 01:10;0;
2020-06-14 01:20;0;
2020-06-14 01:30;0;
2020-06-14 01:40;0;
2020-06-14 01:50;0;
2020-06-14 02:00;0;
2020-06-14 02:10;0;
2020-06-14 02:20;0;
2020-06-14 02:30;0;
2020-06-14 02:40;0;
2020-06-14 02:50;0;
2020-06-14 03:00;0;
2020-06-14 03:10;0;
2020-06-14 03:20;0;
2020-06-14 03:30;0;
2020-06-14 03:40;0;
2020-06-14 03:50;0;
2020-06-14 04:00;0;
2020-06-14 04:10;0;
2020-06-14 04:20;0;
2020-06-14 04:30;0;
2020-06-14 04:40;0;
2020-06-14 04:50;0;
2020-06-14 05:00;0;
2020-06-14 05:10;0;
2020-06-14 05:20;0;
2020-06-14 05:30;0;
2020-06-14 05:40;0;
2020-06-14 05:50;0;
2020-06-14 06:00;0;
2020-06-14 06:10;0;
2020-06-14 06:20;0;
2020-06-14 06:30;0;
2020-06-14 06:40;0;
2020-06-14 06:50;0;
2020-06-14 07:00;0;
2020-06-14 07:10;0;
2020-06-14 07:20;0;
2020-06-14 07:30;0;
2020-06-14 07:40;0;
2020-06-14 07:50;0;
2020-06-14 08:00;0;
2020-06-14 08:10;8;
2020-06-14 08:20;8;
2020-06-14 08:30;13;
2020-06-14 08:40;15;
2020-06-14 08:50;17;
2020-06-14 09:00;20;
2020-06-14 09:10;22;
2020-06-14 09:20;19;
2020-06-14 09:30;19;
2020-06-14 09:40;26;
2020-06-14 09:50;30;
2020-06-14 10:00;33;
2020-06-14 10:10;38;
2020-06-14 10:20;34;
2020-06-14 10:30;37;